company,url,text
robinhood,https://robinhood.com/us/en,"Investing for Everyone. Commission-free investing, plus the tools you need to put your money in motion. Sign up and get your first stock for free. Certain limitations and fees apply."
robinhood,https://robinhood.com/us/en/about-us,"At Robinhood Markets, our values are in service of our customers. We strive to uphold our values every day. We believe the financial system should be built to work for everyone. That’s why we create products that let you start investing at your own pace, on your own terms."
etoro,https://go.etoro.com/en/stock-investing-community?gclid=Cj0KCQiA-K2MBhC-ARIsAMtLKRsMlmnzUu-cWMUazA5-x6NYyHV1lyM0O2RwzlRtrajW056A38jQEWcaAuyeEALw_wcB,"Invest better, together with the world’s leading trading & investing community.
Share strategies and invest together with over 20M users worldwide.
Enjoy 0% commission on local and global stocks.
Buy in bulk, or just a fraction."
etoro,https://go.etoro.com/en/stock-investing-community?gclid=Cj0KCQiA-K2MBhC-ARIsAMtLKRsMlmnzUu-cWMUazA5-x6NYyHV1lyM0O2RwzlRtrajW056A38jQEWcaAuyeEALw_wcB,"Invest in the brands YOU love. Whether you’re a tech genius, a fashion fanatic or a brewery buff, why not invest in the companies that interest you? With over 1,000 stocks and shares to invest in, it’s easy to invest in the brands that you know and love."
etoro,https://go.etoro.com/en/stock-investing-community?gclid=Cj0KCQiA-K2MBhC-ARIsAMtLKRsMlmnzUu-cWMUazA5-x6NYyHV1lyM0O2RwzlRtrajW056A38jQEWcaAuyeEALw_wcB,How to buy stocks without paying commission. Log in to your account. Make your first deposit (as low as $50). Choose any stock and click “Trade”. Choose “Buy” and enter your amount. That’s it. You just bought a stock without any commission.
etoro,https://go.etoro.com/en/stock-investing-community?gclid=Cj0KCQiA-K2MBhC-ARIsAMtLKRsMlmnzUu-cWMUazA5-x6NYyHV1lyM0O2RwzlRtrajW056A38jQEWcaAuyeEALw_wcB,As powerful as it is intuitive. The advantages of buying stocks on eToro don’t end with pricing. Listed below are just a few of the benefits that await you. No limit on trading volume. Buy fractional shares. Receive notifications on volatility and market events. Free access to TipRanks expert stock analysis and price targets.
etoro,https://go.etoro.com/en/stock-investing-community?gclid=Cj0KCQiA-K2MBhC-ARIsAMtLKRsMlmnzUu-cWMUazA5-x6NYyHV1lyM0O2RwzlRtrajW056A38jQEWcaAuyeEALw_wcB,"ProCharts : advanced, yet intuitive
Seamlessly perform professional, in-depth market analysis with our innovative ProCharts tool"
etoro,https://go.etoro.com/en/stock-investing-community?gclid=Cj0KCQiA-K2MBhC-ARIsAMtLKRsMlmnzUu-cWMUazA5-x6NYyHV1lyM0O2RwzlRtrajW056A38jQEWcaAuyeEALw_wcB,"Stock picking isn’t your style? If you’re new to the world of investing, it can seem pretty daunting — but it doesn’t have to be. With our unique CopyPortfolios, you can automatically copy a portfolio of stocks in just a few clicks. We’ll take care of the rest."
etoro,https://go.etoro.com/en/stock-investing-community?gclid=Cj0KCQiA-K2MBhC-ARIsAMtLKRsMlmnzUu-cWMUazA5-x6NYyHV1lyM0O2RwzlRtrajW056A38jQEWcaAuyeEALw_wcB,"Trusted by millions of users worldwide. Discover why millions of users from over 140 countries choose to trade with eToro. Trust
eToro has been a trusted leader of the fintech industry for over a decade. Security
Your funds are protected by industry-leading security protocols. Privacy
We will never share your private data without your permission."
freetrade,https://freetrade.io/,Invest. Commission-free. Investing is one of the best ways to grow your savings over the long term. We make it simple for both beginners and experienced investors. Transparent fees and charges. Sign up in seconds. A leading investing app
freetrade,https://freetrade.io/,The right investment account to grow your wealth over the long-term
freetrade,https://freetrade.io/,"General Investment Account
Flexible, unlimited investing. Commission-free share dealing.
Buy and sell shares instantly during stock market opening hours."
freetrade,https://freetrade.io/,"Stocks and Shares ISA
Invest tax-free with no UK capital gains or income tax. We charge a flat monthly fee and no commissions for placing trades."
freetrade,https://freetrade.io/,"Freetrade Plus
Plus offers 3% interest on cash, up to a max deposit of £4,000, more order types with limit orders and stop losses, stocks and shares ISA, and more stocks."
freetrade,https://freetrade.io/,"Freetrade SIPP
Give your pensions a new home with our fixed, low-cost account. Open a SIPP account and deposit regularly or consolidate all your old pensions into one place for more control over your retirement savings."
freetrade,https://freetrade.io/,Portfolio. Build and track the portfolio that suits you. Discover. Explore thousands of US and UK stocks and exchange-traded funds. Invest. Buy and sell commission-free.
freetrade,https://freetrade.io/,"Transparent & trustworthy investing app for everyone. We’re on a mission to get everyone investing, building a platform to help customers achieve better long-term financial outcomes. We succeed when our customers succeed."
freetrade,https://freetrade.io/,"We believe in: Educating everyone about the benefits of long-term investing, Offering clear and simple pricing, Building a business that puts customers first. We don't do: Betting, CFDs and complex products, Hidden fees and inflated spreads, Day trading."
freetrade,https://freetrade.io/,"FCA authorised
We are authorised and regulated by the FCA. FSCS protected. Your funds are protected by the FSCS scheme up to £85,000. Segregated accounts
We keep client funds and assets in segregated bank accounts. Data protected
We follow industry best practices to protect your data at all times. Read more on how we keep your investments safe."
robinhood,https://www.facebook.com/ads/library/?active_status=all&ad_type=all&country=ALL&view_all_page_id=440506706037677&search_type=page&media_type=all,Keep the change. Trade crypto commission-free with Robinhood.
freetrade,https://www.facebook.com/ads/library/?active_status=all&ad_type=all&country=ALL&view_all_page_id=701104156699550&sort_data[direction]=desc&sort_data[mode]=relevancy_monthly_grouped&search_type=page&media_type=all,Follow Freetrade 📲 learn about investing and keep up to date on our super cool Instagram. We haven't mentioned but it's really cool.
freetrade,https://www.facebook.com/ads/library/?active_status=all&ad_type=all&country=ALL&view_all_page_id=701104156699550&sort_data[direction]=desc&sort_data[mode]=relevancy_monthly_grouped&search_type=page&media_type=all,"Thinking of investing? Check out Freetrade for commission-free investing from just £2. Capital at risk, other charges may apply."
trading212,https://youtu.be/vkbP0hcFhl8 ,"Go ahead — skip this ad. Those fat-cat commission-takers wouldn’t want you to see it. They wouldn’t want you to see how they bathe in a bathtub made of gold, filled with gold — even the sink-plug is gold — or how they make paper-planes with money, wipe themselves with money. Your money. Your money. Your money."
robinhood,https://robinhood.com/us/en/about-us ,Robinhood is a safety-first company
robinhood,https://robinhood.com/us/en/about-us ,"At Robinhood, the rich don’t get a better deal"
robinhood,https://robinhood.com/us/en/about-us ,Radical Customer Focus. We exist to make our customers happy
robinhood,https://robinhood.com/us/en/about-us ,First-Principles Thinking. We make bold bets and challenge the status quo
e*trade,https://www.facebook.com/ads/library/?active_status=all&ad_type=all&country=US&view_all_page_id=9132102354&sort_data[direction]=desc&sort_data[mode]=relevancy_monthly_grouped&search_type=page&media_type=all ,"Don’t wait to invest, open an account today with $0 commissions from E*TRADE"
e*trade,https://www.facebook.com/ads/library/?active_status=all&ad_type=all&country=US&view_all_page_id=9132102354&sort_data[direction]=desc&sort_data[mode]=relevancy_monthly_grouped&search_type=page&media_type=all ,Balance today’s needs with tomorrow’s goals with E*TRADE.
e*trade,https://www.facebook.com/ads/library/?active_status=all&ad_type=all&country=US&view_all_page_id=9132102354&sort_data[direction]=desc&sort_data[mode]=relevancy_monthly_grouped&search_type=page&media_type=all ,Get the complete package when you open an account with E*TRADE.
e*trade,https://www.facebook.com/ads/library/?active_status=all&ad_type=all&country=US&view_all_page_id=9132102354&sort_data[direction]=desc&sort_data[mode]=relevancy_monthly_grouped&search_type=page&media_type=all ,Get powerful insights and make smarter moves this earnings season. Check out our earnings tool.
e*trade,https://www.facebook.com/ads/library/?active_status=all&ad_type=all&country=US&view_all_page_id=9132102354&sort_data[direction]=desc&sort_data[mode]=relevancy_monthly_grouped&search_type=page&media_type=all ,Don’t keep your money from fulfilling its full potential.
e*trade,https://www.facebook.com/ads/library/?active_status=all&ad_type=all&country=US&view_all_page_id=9132102354&sort_data[direction]=desc&sort_data[mode]=relevancy_monthly_grouped&search_type=page&media_type=all ,It's never been easier to get started investing. Open an E*TRADE account with no account minimums.
e*trade,https://www.facebook.com/ads/library/?active_status=all&ad_type=all&country=US&view_all_page_id=9132102354&sort_data[direction]=desc&sort_data[mode]=relevancy_monthly_grouped&search_type=page&media_type=all ,Take your first jump and start investing today with no account minimums.
e*trade,https://www.facebook.com/ads/library/?active_status=all&ad_type=all&country=US&view_all_page_id=9132102354&sort_data[direction]=desc&sort_data[mode]=relevancy_monthly_grouped&search_type=page&media_type=all ,"It’s a big, wide world out there—don’t count out international opportunities. We dig into the power of global diversification."
e*trade,https://www.facebook.com/ads/library/?active_status=all&ad_type=all&country=US&view_all_page_id=9132102354&sort_data[direction]=desc&sort_data[mode]=relevancy_monthly_grouped&search_type=page&media_type=all ,"Follow your dreams, not someone else’s. Stop Waiting. Start Investing."
e*trade,https://www.facebook.com/ads/library/?active_status=all&ad_type=all&country=US&view_all_page_id=9132102354&sort_data[direction]=desc&sort_data[mode]=relevancy_monthly_grouped&search_type=page&media_type=all ,Kicking off your own dreams doesn’t have to be hard. Stop Waiting. Start Investing.
e*trade,https://www.facebook.com/ads/library/?active_status=all&ad_type=all&country=US&view_all_page_id=9132102354&sort_data[direction]=desc&sort_data[mode]=relevancy_monthly_grouped&search_type=page&media_type=all ,"Follow your dreams, not just your friend's dreams. Stop Waiting. Start Investing."
e*trade,https://www.facebook.com/ads/library/?active_status=all&ad_type=all&country=US&view_all_page_id=9132102354&sort_data[direction]=desc&sort_data[mode]=relevancy_monthly_grouped&search_type=page&media_type=all ,Stop Waiting. Start Investing.
e*trade,https://www.facebook.com/ads/library/?active_status=all&ad_type=all&country=US&view_all_page_id=9132102354&sort_data[direction]=desc&sort_data[mode]=relevancy_monthly_grouped&search_type=page&media_type=all ,"With investment themes like renewable energy and clean water, E*TRADE makes it easy to do good with your dollars."
e*trade,https://us.etrade.com/home,Stop waiting. Start investing. Lifelong dreams don't need to take a lifetime with E*TRADE.
e*trade,https://us.etrade.com/home,"Ready, set, invest. Get into the markets with an E*TRADE brokerage account."
e*trade,https://us.etrade.com/home,Reach for retirement. E*TRADE’s easy-to-use tools help you get started on your retirement journey.
e*trade,https://us.etrade.com/home,"Focus on your future, not on fees."
e*trade,https://us.etrade.com/home,"Get up to $3,000 (plus $0 commissions)1 Learn how. Take charge of your finances with a new E*TRADE brokerage or retirement account by November 30
and start with a generous cash bonus"
e*trade,https://us.etrade.com/home,"Start investing today
You’ll pay $0 commissions on online US-listed stock, ETF, and options trades, plus 65¢ per options contract. Make 30+ trades per quarter and pay just 50¢ per options contract.1"
e*trade,https://about.etrade.com/home,"Investing, for everyone. E*TRADE is the pioneer of online trading for retail investors.
We were born in the early ‘80s when a physicist and inventor developed a process to place a trade online for retail investors. This became the first online transaction sent to an exchange, and it paved the way for all main street investors to control their own investments online, without the need of a human broker.
Today, we are a leading online financial services firm that specializes in a first-class experience for the digitally inclined investor and trader, backed by personal professional guidance. The Company also has a high-tech custody platform for advisors and the industry’s #1-rated stock plan administration platform .1"
e*trade,https://about.etrade.com/home/marketing-advertising ,Even the job you dreamed of as a kid can get old after a while. That's why it's never too late to start planning for your future. Get started today at https://us.etrade.com/what-we-offer
e*trade,https://about.etrade.com/home/marketing-advertising ,"We can’t keep your kids out of trouble, but we can help you find opportunities in the market with Power E*TRADE. Check out the award winning platform at http://etrade.com/trading"
e*trade,https://about.etrade.com/home/marketing-advertising ,Your money wasn’t made to sit around. Get it in the game with E*TRADE. Start today at https://us.etrade.com/what-we-offer
e*trade,https://about.etrade.com/home/marketing-advertising ,"E*TRADE’s award-winning mobile app has powerful easy-to-use tools, interactive charts, 24/7 support, and $0 Commissions to help give you an edge. Start trading today at http://etrade.com/mobileapp"
e*trade,https://about.etrade.com/home/marketing-advertising ,Never settle for less when it comes to trading with Power E*TRADE. Start today at https://us.etrade.com/trade
e*trade,https://about.etrade.com/home/marketing-advertising ,"Power E*TRADE gives you an award-winning mobile app with powerful easy-to-use tools, 24/7 support, and some of the lowest options and futures contract prices. Start trading at https://us.etrade.com/trade"
e*trade,https://about.etrade.com/home/marketing-advertising ,Don’t let your dreams pass you by. Stop waiting and start investing. Get started today at https://us.etrade.com/what-we-offer
freetrade,https://www.facebook.com/ads/library/?active_status=all&ad_type=all&country=ALL&view_all_page_id=701104156699550&sort_data[direction]=desc&sort_data[mode]=relevancy_monthly_grouped&search_type=page&media_type=all,"Investing is not just for rich people. With Freetrade, you can start with as little as 2 pounds, and learn from there. Freetrade gives you the tools to begin, it's easy to use, and share dealing fees and permission free. Remember when you invest, your capital is at risk. Check it out today."
freetrade,https://www.facebook.com/ads/library/?active_status=all&ad_type=all&country=ALL&view_all_page_id=701104156699550&sort_data[direction]=desc&sort_data[mode]=relevancy_monthly_grouped&search_type=page&media_type=all,"Are you interested in the stock market, but don't know where to begin? Well, Freetrade makes it really easy to start. Build your own portfolio by choosing the different companies you want to invest in. Or, there are a bunch of ETFs that make it easy to diversify. Before investing, make sure you do your research so you know which investment's right for you, and remember, when you invest your capital is at risk."
freetrade,https://www.facebook.com/ads/library/?active_status=all&ad_type=all&country=ALL&view_all_page_id=701104156699550&sort_data[direction]=desc&sort_data[mode]=relevancy_monthly_grouped&search_type=page&media_type=all,"You might wonder what makes Freetrade different from other investing apps. With other investment providers it might be different to start out as a beginner. But freetrade changed the game. It's got a simple to understande, intuitive design where you can learn as you go. And you can start with just 2 pounds? Remeber, when you invest your capital is at risk. Check out Freetrade today!"
freetrade,https://www.facebook.com/ads/library/?active_status=all&ad_type=all&country=ALL&view_all_page_id=701104156699550&sort_data[direction]=desc&sort_data[mode]=relevancy_monthly_grouped&search_type=page&media_type=all,"Investing can be a great way to grow your wealth over the long term, but it can be daunting to get started with. There's so much jargon out there, but Freetrade makes it simple to get started and learn ith our free guide and app. Remember when you invest your capital is at risk. Check out Freetrade in the App store today."
e*trade,https://www.facebook.com/ads/library/?active_status=all&ad_type=all&country=ALL&view_all_page_id=9132102354&search_type=page&media_type=all,Money is happier when it's working. We know because we know money. Invest and put your money to work for you. Open an account today and get $0 commissions.
e*trade,https://www.facebook.com/ads/library/?active_status=all&ad_type=all&country=ALL&view_all_page_id=9132102354&search_type=page&media_type=all,Handle today's expenses while still saving for the future with E*TRADE. You don't have to trade today for tomorrow.
e*trade,https://www.facebook.com/ads/library/?active_status=all&ad_type=all&country=ALL&view_all_page_id=9132102354&search_type=page&media_type=all,"Get the complete trading package. Easy-to-use tools, 24/7 support and zero commisions. Don't settle for less than everything."
e*trade,https://www.facebook.com/ads/library/?active_status=all&ad_type=all&country=ALL&view_all_page_id=9132102354&search_type=page&media_type=all,Hear that silence? That's you money just sitting there. Do something about it. Open an E*TRADE account with no minimum.
e*trade,https://www.facebook.com/ads/library/?active_status=all&ad_type=all&country=ALL&view_all_page_id=9132102354&search_type=page&media_type=all,"Get the edge this earnings season with our Earnings Move analyzer. Actual and implied moves, historical trands, $0.50 options contracts for active traders and more. Trade with E*TRADE."
e*trade,https://www.facebook.com/ads/library/?active_status=all&ad_type=all&country=ALL&view_all_page_id=9132102354&search_type=page&media_type=all,With $0 commissions now's a great time to get started. But hey that's just our two cents. Trade with E*TRADE today.
e*trade,https://www.facebook.com/ads/library/?active_status=all&ad_type=all&country=ALL&view_all_page_id=9132102354&search_type=page&media_type=all,Not to brag but we offer pretty good trader resources. Get insights into our trading strategies and build up your trading game with our webinars. Open an account today.
e*trade,https://www.facebook.com/ads/library/?active_status=all&ad_type=all&country=ALL&view_all_page_id=9132102354&search_type=page&media_type=all,"Interested in global investing? 3 trends to consider: US and Int'l market leadership rotates. Int'l delivers exposure beyond tech-heavy US markets. Currency fluctuations macro factors, and different financial standards are risks."
e*trade,https://www.facebook.com/ads/library/?active_status=all&ad_type=all&country=ALL&view_all_page_id=9132102354&search_type=page&media_type=all,Want to put your money to work? All it takes are a few clicks and a few bucks. Start investing today with no account minimums.
e*trade,https://www.facebook.com/ads/library/?active_status=all&ad_type=all&country=ALL&view_all_page_id=9132102354&search_type=page&media_type=all,Start small. Dream big. A little investment can go a long way. Open an account with no minimums and get $600 or more. Use code BONUS21. This offer won't last forever.
e*trade,https://www.facebook.com/ads/library/?active_status=all&ad_type=all&country=ALL&view_all_page_id=9132102354&search_type=page&media_type=all,No financial phrasebook needed. No one has time for finance speak. Get investment help with none of the jargon. Open an account today.
robinhood,https://www.youtube.com/watch?v=6dd8cZfSIK0&ab_channel=Robinhood,The world of finance is changing—and we’re staying true to our mission. We’re in this for the early morning jogger. The midday study breaker. The late-night nursery rhymer. Because you already invest in yourself every day. We are all investors.
trading212,https://www.trading212.com/invest,Commission-free investing for everyone
trading212,https://www.trading212.com/invest,Buy stocks instantly. Choose your favourite company. Select how much to invest. Get your shares in seconds.
trading212,https://www.trading212.com/invest,Put your money to work with Pies & Autoinvest. Build a diversified pie and customize it to your unique financial goals.
trading212,https://www.trading212.com/invest,"Invest as little as £1 with Fractional shares. Own even the most expensive stocks like Google, Amazon and Apple."
trading212,https://www.trading212.com/invest,"FCA Regulated. Trading212 is authorized and regulated by the FCA. Funds protection. Your funds are kept safe in a segregated account and are protected by the FSCS up to £85,000. Your data is protected. We protect your data by implementing the industry's best practices."
trading212,https://www.trading212.com/invest,"Over 10,000 global Stocks & ETFs. Invest tax-free in a Stocks and Shares ISA. Our uncompromising investing expereience also available as Stocks and Shares ISA."
trading212,https://www.trading212.com/about-us,"Your trusted broker. Trading212 is a fintech company that democratises the financial markets with free, smart, easy to use apps, enabling anyone to trade Stocks, ETFs, Forex, Commodities and more."
trading212,https://www.trading212.com/invest,Start investing now. Open account.
trading212,https://www.trading212.com/about-us,"Removing the barrier. We disrupted the stock brokerage industry by offering the first zero commision stock trading service in the UK and Europe, unlocking the stock market for millions of people."
e*trade,https://www.youtube.com/watch?v=85fdvZqFoMA&ab_channel=E%2aTRADE,"Mount everest, the tallest mountain on the face of the earth. Keep dreaming. You can get it if you really want, you can get it if you really want, you can get it if you really want but you must try, try and try. She saved her whole life for this? Maybe she should have invested. Lifelong dreams shouldn't take a lifetime. Stop waiting, start investing."
e*trade,https://www.youtube.com/watch?v=vWrgDJ6oRtw&ab_channel=E%2aTRADE,"This is how you become the best. This might be the time you finally get in shape. Financially, at least. Get E*TRADE, take charge of your finances today."
e*trade,https://www.youtube.com/watch?v=31Zg11asb14&ab_channel=E%2aTRADE,"Would you look at that! Jerry, you've got to see this! Seen it. Trust me, after 15 walks it gets a little old. I reallly should be retired by now - wish I head invested when I had the chance. To the moon! Unbelievable. No one dreams of a late retirement. Stop waiting, start investing. E*TRADE, the tools to take on the market."
e*trade,https://www.youtube.com/watch?v=HtH6AzZMaDA&list=PLHVKU2qFM7q2HuTv5RCU0j93imelFtrAI&index=4&ab_channel=E%2aTRADE,"Power E*TRADE gives you an award-winning mobile app with powerful, easy-to-use tools and interactive charts, to give you an edge. 24 7 support when you need it the most. Plus zero dollar commissions for online US listed stocks. Get  E*TRADE and start trading today."
e*trade,https://www.youtube.com/watch?v=YzcTiZkPYEU&list=PLHVKU2qFM7q2HuTv5RCU0j93imelFtrAI&index=2&ab_channel=E%2aTRADE,Sales are down from last quarter but we're hoping things will pick up by Q3. Sorry about that um. Are you all right? You've compromised enough lately. That's why ther's E*TRADE.
webull,https://www.webull.com/,Enjoy Tech. Enjoy Investing. 0 Commissions and no deposit minimums. Everyone gets smart tools for smart investing.
webull,https://www.webull.com/,"Trading Privileges. Diversifying your portfolio with a comprehensive suite of investment products including stocks, fractional shares, options, ETFs, and ADRs. Stocks. Invest in thousands of companies and fractional shares with as little as $5 using our trading tools and analytics to create your own financial portfolio. Options provide a strategic alternative to just investing in equity. ETFs. Diversify your holdings by investing into a group of stocks with the same convenience as trading a single stock. ADRs. Invest in foreign companies to diversify your portfolio or take advantage of global opportunities."
webull,https://www.webull.com/,"Account Types. Different types of brokerage accounts to satisfy your different investment objectives. IRA. Save for retirement with Webull Traditional, Roth or Rollover IRA. Individual Brokerage Account. Individual brokerage account is the general account which allows you to buy and sell securities and assets."
webull,https://www.webull.com/,"Full Extended Hours Trading. Webull supports full extended hours trading, which includes full pre-market (4:00 AM - 9:30 AM ET) and after hours (4:00 PM - 8:00 PM ET) sessions. Free Access to Webull Desktop. Everyone has access to our advanced and fully customizable desktop platform. You can consolidate your watchlists, analyze charts, place orders, and check your positions across all of Webull's platforms (mobile, PC, and web). Stay current with the markets and manage your investments wherever you are. Stay Connected 24/7. Our customer service reps are ready 24/7 to help guide you through our multiple platforms and answer all your questions!"
webull,https://www.webull.com/,"Open a Webull Account Now! Open your Webull individual brokerage account and IRAs now! In order to verify your identity, a government issued ID card with your photo, name, and date of birth is required to open an account with Webull. Please have the documents prepared in advance. Webull Financial LLC is registered with and regulated by the Securities and Exchange Commission (SEC) and the Financial Industry Regulatory Authority (FINRA). It is also a member of the SIPC, which protects (up to $500,000, which includes a $250,000 limit for cash) against the loss of cash and securities held by a customer at a financially-troubled SIPC-member brokerage firm.
"
webull,https://www.webull.com/story,"We are a financial company with the customer at heart, the internet as our foundation, and technology as our lifeblood. Our leadership has extensive experience in both the internet and financial industries. We are committed to synergizing technology with finance by providing reliable, professional, intelligent and efficient products and services. Enjoy Tech. Enjoy Investing."
webull,https://www.webull.com/story,"Individuals are an important part of the market and should not be ignored. They should be empowered with better information, tools, services, opportunities, and lower costs. Respecting the investor is respecting the market. Technology is the investor’s best friend. It vastly expands the human’s trading capabilities in terms of time, scale, and technique. Technology is the future. As a financial company driven by technology, we aim to offer: An all-in-one self-directed investment platform that provides excellent user experience. Advanced and intelligent tools and services. Key Features: Zero Commission Free Real-Time Quotes* Multi-platform Accessibility Full Extended Hours Trading 24/7 Online Help *Free real-time quotes provided are Nasdaq Last Sale."
webull,https://www.webull.com/story,"Brokerage services are provided by Webull Financial LLC, a broker dealer registered with the Securities and Exchange Commission (SEC). Webull Financial LLC is a member of the Financial Industry Regulatory Authority (FINRA), Securities Investor Protection Corporation (SIPC), the New York Stock Exchange (NYSE), NASDAQ and Cboe EDGX Exchange, Inc (CBOE EDGX).

Webull Financial LLC is a member of SIPC, which protects securities customers of its members up to $500,000 (including $250,000 for claims for cash). Explanatory brochure available upon request or at www.sipc.org. Our clearing firm Apex Clearing Corp has purchased an additional insurance policy. The coverage limits provide protection for securities and cash up to an aggregate of $150 million, subject to maximum limits of $37.5 million for any one customer’s securities and $900,000 for any one customer’s cash. Similar to SIPC protection, this additional insurance does not protect against a loss in the market value of securities.
Webull Financial stays up-to-date with the latest data security in order to protect our investors’ personal information and asset data."
webull,https://www.facebook.com/ads/library/?active_status=all&ad_type=all&country=ALL&view_all_page_id=234157000351979&sort_data[direction]=desc&sort_data[mode]=relevancy_monthly_grouped&search_type=page&media_type=all,"Want a chance to claim 2 free stocks up to $2300? Open and fund a new Webull brokerage account today, and get a chance to claim free stocks from one of the big names!"
webull,https://www.facebook.com/ads/library/?active_status=all&ad_type=all&country=ALL&view_all_page_id=234157000351979&sort_data[direction]=desc&sort_data[mode]=relevancy_monthly_grouped&search_type=page&media_type=all,"Trade commission free with access to market news and charts anytime. Open and fund a new Webull brokerage account today, and get a chance to claim free stocks from one of the big names!"
webull,https://www.facebook.com/ads/library/?active_status=all&ad_type=all&country=ALL&view_all_page_id=234157000351979&sort_data[direction]=desc&sort_data[mode]=relevancy_monthly_grouped&search_type=page&media_type=all,2 FREE stocks are waiting for you! You may be able to claim a share of GOOG or SBUX stock!
webull,https://www.facebook.com/ads/library/?active_status=all&ad_type=all&country=ALL&view_all_page_id=234157000351979&sort_data[direction]=desc&sort_data[mode]=relevancy_monthly_grouped&search_type=page&media_type=all,"Want to trade crypto 24 hours a day, 7 days a week, and with a $1 minimum deposit? Download Webull today."
webull,https://www.facebook.com/ads/library/?active_status=all&ad_type=all&country=ALL&view_all_page_id=234157000351979&sort_data[direction]=desc&sort_data[mode]=relevancy_monthly_grouped&search_type=page&media_type=all,Become an investor by getting your first stock for free! Open and fund a new Webull brokerage account today!
webull,https://www.facebook.com/ads/library/?active_status=all&ad_type=all&country=ALL&view_all_page_id=234157000351979&sort_data[direction]=desc&sort_data[mode]=relevancy_monthly_grouped&search_type=page&media_type=all,"Do you want to trade smarter and not harder? Webull makes it easy. 🥳 🥳  Download the app, open and fund your account today and receive free stocks on us!"
webull,https://www.facebook.com/ads/library/?active_status=all&ad_type=all&country=ALL&view_all_page_id=234157000351979&sort_data[direction]=desc&sort_data[mode]=relevancy_monthly_grouped&search_type=page&media_type=all,"Get 2 free stocks when you open & fund a Webull account.
Commission-free investing, in-depth market data, and powerful trading tools…all available on Webull!"
webull,https://www.facebook.com/ads/library/?active_status=all&ad_type=all&country=ALL&view_all_page_id=234157000351979&sort_data[direction]=desc&sort_data[mode]=relevancy_monthly_grouped&search_type=page&media_type=all,How to get your 2 free stocks? Step 1. Open an account = 1 free stock（valued up to $300). Step 2. Fund an account = 1 free stock（valued up to $2000)
webull,https://www.facebook.com/ads/library/?active_status=all&ad_type=all&country=ALL&view_all_page_id=234157000351979&sort_data[direction]=desc&sort_data[mode]=relevancy_monthly_grouped&search_type=page&media_type=all,"Become an investor with just $5, and get a chance to claim 2 free stocks."
webull,https://www.facebook.com/ads/library/?active_status=all&ad_type=all&country=ALL&view_all_page_id=234157000351979&sort_data[direction]=desc&sort_data[mode]=relevancy_monthly_grouped&search_type=page&media_type=all,"Get $5 of Crypto from SHIB, DOGE, BTC, ADA OR ETH by successfully inviting others to Webull Crypto!"
webull,https://www.facebook.com/ads/library/?active_status=all&ad_type=all&country=ALL&view_all_page_id=234157000351979&sort_data[direction]=desc&sort_data[mode]=relevancy_monthly_grouped&search_type=page&media_type=all,No hidden fees. Trade with Webull and get your 2 free stocks today!
webull,https://www.facebook.com/ads/library/?active_status=all&ad_type=all&country=ALL&view_all_page_id=234157000351979&sort_data[direction]=desc&sort_data[mode]=relevancy_monthly_grouped&search_type=page&media_type=all,"Truly Commission Free ✔0 Commission for Stocks, ETF, Options. ✔0 Contract Fees for Options. ✔0 Deposit Minimum for Brokerage and IRAs"
webull,https://www.facebook.com/ads/library/?active_status=all&ad_type=all&country=ALL&view_all_page_id=234157000351979&sort_data[direction]=desc&sort_data[mode]=relevancy_monthly_grouped&search_type=page&media_type=all,Webull provides all registered users with a 3-month free subscription to Level 2 (Nasdaq TotalView). Join Webull and get it now!
webull,https://www.facebook.com/ads/library/?active_status=all&ad_type=all&country=ALL&view_all_page_id=234157000351979&sort_data[direction]=desc&sort_data[mode]=relevancy_monthly_grouped&search_type=page&media_type=all,"$0 commission on online stocks, ETFs, and options trades with no account minimums. Join Webull today!"
webull,https://www.facebook.com/ads/library/?active_status=all&ad_type=all&country=ALL&view_all_page_id=234157000351979&sort_data[direction]=desc&sort_data[mode]=relevancy_monthly_grouped&search_type=page&media_type=all,New to crypto? Get Started with as little as $1.
webull,https://www.facebook.com/ads/library/?active_status=all&ad_type=all&country=ALL&view_all_page_id=234157000351979&sort_data[direction]=desc&sort_data[mode]=relevancy_monthly_grouped&search_type=page&media_type=all,Want $5 of SHIB for free? Get it by joining Webull and completing one crypto trade.
webull,https://www.facebook.com/ads/library/?active_status=all&ad_type=all&country=ALL&view_all_page_id=234157000351979&sort_data[direction]=desc&sort_data[mode]=relevancy_monthly_grouped&search_type=page&media_type=all,"Start investing on Webull with 2 FREE stocks! You may have a chance of owning a share of GOOG, FB, or SBUX stock!"
webull,https://www.facebook.com/ads/library/?active_status=all&ad_type=all&country=ALL&view_all_page_id=234157000351979&sort_data[direction]=desc&sort_data[mode]=relevancy_monthly_grouped&search_type=page&media_type=all,Get 2 free stocks for a limited time when you open & fund a Webull account.
webull,https://www.facebook.com/ads/library/?active_status=all&ad_type=all&country=ALL&view_all_page_id=234157000351979&sort_data[direction]=desc&sort_data[mode]=relevancy_monthly_grouped&search_type=page&media_type=all,If you are a student or educator: Verify your .edu email and open an account = claim one prize. Refer a friend to verify their .edu email and open an account = claim another prize. Claim one additional prize for every successful .edu referral.
webull,https://www.facebook.com/ads/library/?active_status=all&ad_type=all&country=ALL&view_all_page_id=234157000351979&sort_data[direction]=desc&sort_data[mode]=relevancy_monthly_grouped&search_type=page&media_type=all,We are all investors. Start your investing journey with just $5. Open & fund your account today and get free stocks.
webull,https://www.facebook.com/ads/library/?active_status=all&ad_type=all&country=ALL&view_all_page_id=234157000351979&sort_data[direction]=desc&sort_data[mode]=relevancy_monthly_grouped&search_type=page&media_type=all,"Yes, we have SHIB - Join Webull and trade cryptos at a 1 minimum."
webull,https://www.facebook.com/ads/library/?active_status=all&ad_type=all&country=ALL&view_all_page_id=234157000351979&sort_data[direction]=desc&sort_data[mode]=relevancy_monthly_grouped&search_type=page&media_type=all,"Access NASDAQ TotalView advanced quotes for a deeper look into the market.
Receive a 3-month complimentary subscription to Nasdaq TotalView when you sign up on Webull."
webull,https://www.facebook.com/ads/library/?active_status=all&ad_type=all&country=ALL&view_all_page_id=234157000351979&sort_data[direction]=desc&sort_data[mode]=relevancy_monthly_grouped&search_type=page&media_type=all,"Access Level 2 Advance (Nasdaq TotalView) for FREE!
Receive a 3-month complimentary subscription to Level 2 Advance when you sign up on Webull.
Access NASDAQ TotalView advanced quotes for a deeper look into the market. Don’t forget about the NOII (Net Order Imbalance Indicator), which provides increased transparency and insight into the true supply and demand in the market place."
webull,https://www.facebook.com/ads/library/?active_status=all&ad_type=all&country=ALL&view_all_page_id=234157000351979&sort_data[direction]=desc&sort_data[mode]=relevancy_monthly_grouped&search_type=page&media_type=all,"10+ cryptos including Bitcoin, Shiba, Ethereum, and Dogecoin, Get started with as little as $1."
webull,https://www.facebook.com/ads/library/?active_status=all&ad_type=all&country=ALL&view_all_page_id=234157000351979&sort_data[direction]=desc&sort_data[mode]=relevancy_monthly_grouped&search_type=page&media_type=all,New to Litecoin? Get Started with as little as $1.
